elapsed_time,data
1.3074,245.0996856689453
1.3496,245.26919555664062
1.4005,245.25975036621094
1.4503,245.3459014892578
1.4997,245.18896484375
1.5498,245.4399871826172
1.6005,245.4512481689453
1.6496,245.8086395263672
1.6997,245.36669921875
1.7497,245.3902130126953
1.7995,245.1305389404297
1.8497,245.5807647705078
1.8996,245.528076171875
1.9499,245.6329345703125
1.9997,245.34852600097656
2.0496,245.4505615234375
2.0994,245.52378845214844
2.1497,245.7375030517578
2.1995,245.49192810058594
2.2497,245.5276336669922
2.2994,245.32421875
2.3496,245.51708984375
2.3997,245.122802734375
2.4499,245.30859375
2.4996,245.2792510986328
2.5496,245.5181427001953
2.5994,245.4881134033203
2.6496,261.8909912109375
2.6995,237.54693603515625
2.7498,213.37506103515625
2.7995,172.7881317138672
2.8496,172.85882568359375
2.8996,172.7769012451172
2.9496,172.799560546875
2.9996,172.6938018798828
3.0496,172.67376708984375
3.0996,172.6010284423828
3.1497,172.8753204345703
3.1996,172.69520568847656
3.2496,172.72743225097656
3.2994,172.35791015625
3.3496,172.32379150390625
3.3996,172.3096160888672
3.4496,172.49867248535156
3.4994,172.5270538330078
3.5497,172.5879669189453
3.5995,172.6414794921875
3.6497,172.8546905517578
3.6996,172.97166442871094
3.7495,173.1108856201172
3.7995,173.12652587890625
3.8497,172.8030548095703
3.8995,172.7590789794922
3.9496,172.8582763671875
3.9994,172.951904296875
4.0495,172.59657287597656
4.0996,172.35609436035156
4.1497,172.45941162109375
4.1996,172.6852264404297
4.2496,172.97145080566406
4.2994,172.89276123046875
4.3496,172.88401794433594
4.3996,172.44232177734375
4.4497,172.5195770263672
4.4995,172.51914978027344
4.5496,172.80519104003906
4.5997,172.956787109375
4.6496,172.8690643310547
4.6996,172.7484130859375
4.7495,172.6045379638672
4.7995,172.6251983642578
4.8496,172.6446990966797
4.8996,172.4591064453125
4.9497,172.5321044921875
4.9996,172.72154235839844
5.0497,172.8231964111328
5.0996,172.7353057861328
5.1499,172.5599365234375
5.1996,172.59429931640625
5.2496,172.58412170410156
5.2994,172.6754913330078
5.3497,172.4082489013672
5.3994,172.3611602783203
5.4497,172.4705810546875
5.4994,172.5784149169922
5.5495,172.73927307128906
5.5995,172.58995056152344
5.6495,172.7168426513672
5.6996,172.6543426513672
5.7495,172.5366973876953
5.7994,172.43397521972656
5.8497,172.356689453125
5.8995,172.329345703125
5.9495,172.3347930908203
5.9994,172.44554138183594
6.0495,172.5862579345703
6.0995,172.70091247558594
6.1496,172.7200927734375
6.1995,172.7335205078125
6.2495,172.7396240234375
6.2994,172.5927734375
6.3495,172.512451171875
6.3995,172.3943634033203
6.4496,172.5488739013672
6.4994,172.5770721435547
6.5496,172.5417022705078
6.5994,172.40673828125
6.6497,172.5343475341797
6.6995,172.5890655517578
6.7497,172.5443572998047
6.7996,172.28611755371094
6.8495,172.6290283203125
6.8995,172.98046875
6.9495,173.1556396484375
6.9996,172.9832305908203
7.0497,172.9644775390625
7.0995,172.8332977294922
7.1496,172.7620849609375
7.1996,172.6177520751953
7.2496,172.83180236816406
7.2995,172.79248046875
7.3496,172.60353088378906
7.3996,172.4280242919922
7.4496,172.2580108642578
7.4996,224.2852783203125
7.5495,231.6886749267578
7.5995,228.9261932373047
7.6495,181.33152770996094
7.6996,154.9124298095703
7.7495,128.36248779296875
7.7995,115.4227523803711
7.8495,130.52745056152344
7.8996,161.81768798828125
7.9496,173.225341796875
7.9996,155.64022827148438
8.0496,126.86072540283203
8.0994,121.75704193115234
8.1495,133.1125030517578
8.1995,134.27577209472656
8.2495,135.14353942871094
8.2994,100.8337631225586
8.3495,125.24267578125
8.3996,104.37696075439453
8.4496,206.2121124267578
8.4995,189.44110107421875
8.5495,268.5646057128906
8.5995,192.5042724609375
8.6495,195.06365966796875
8.6995,93.23030853271484
8.7495,88.92816162109375
8.7996,71.29265594482422
8.8496,90.82408905029297
8.8996,77.805419921875
8.9496,93.28457641601562
8.9994,89.25110626220703
9.0496,93.13056182861328
9.0996,78.83037567138672
9.1496,75.57433319091797
9.1995,73.9355239868164
9.2497,66.8988037109375
9.2993,68.44286346435547
9.3499,155.22361755371094
9.3996,169.334228515625
9.4497,186.669189453125
9.4997,113.11932373046875
9.5496,124.28694915771484
9.5996,129.30787658691406
9.6496,133.64419555664062
9.6996,121.87517547607422
9.7497,98.35687255859375
9.7995,118.12686920166016
9.8496,128.19187927246094
9.8994,138.59994506835938
9.9496,110.142822265625
9.9994,102.06143188476562
10.0497,101.88384246826172
10.0994,102.11801147460938
10.1497,101.5566177368164
10.1995,102.44281768798828
10.2496,103.81461334228516
10.2995,104.74279022216797
10.3495,101.4157485961914
10.3994,100.78832244873047
10.4496,101.56975555419922
10.4995,101.32097625732422
10.5496,103.94430541992188
10.5994,102.89141845703125
10.6495,103.2379150390625
10.6995,100.30278778076172
10.7496,99.42656707763672
10.7995,99.70846557617188
10.8495,98.82308197021484
10.8995,99.71154022216797
10.9495,99.94417572021484
10.9995,100.42291259765625
11.0497,98.97408294677734
11.0996,97.84527587890625
11.1497,97.46402740478516
11.1997,98.19146728515625
11.2497,99.16497039794922
11.2995,99.95488739013672
11.3496,99.8868637084961
11.3995,99.44982147216797
11.4495,99.4149169921875
11.4995,98.88433074951172
11.5496,99.38675689697266
11.5995,99.201416015625
11.6496,99.18466186523438
11.6996,98.9173583984375
11.7496,98.84139251708984
11.7994,99.19546508789062
11.8495,99.56981658935547
11.8995,99.51583099365234
11.9495,99.59441375732422
11.9995,98.6545639038086
12.0495,98.52725219726562
12.0995,98.2781753540039
12.1495,99.62580108642578
12.1994,100.32242584228516
12.2495,100.76596069335938
12.2994,100.66934204101562
12.3495,100.16519927978516
12.3995,99.8905258178711
12.4496,99.04556274414062
12.4994,99.15375518798828
12.5495,98.83611297607422
12.5996,98.49688720703125
12.6496,98.21422576904297
12.6997,97.97738647460938
12.7495,98.57379913330078
12.7996,98.35990142822266
12.8495,99.08782958984375
12.8995,99.73722076416016
12.9496,100.2430419921875
12.9996,100.69155883789062
13.0496,100.24786376953125
13.0994,100.13772583007812
13.1498,99.12759399414062
13.1996,98.00809478759766
13.2495,97.5291748046875
13.2995,98.0055160522461
13.3496,99.89990234375
13.3997,101.96807861328125
13.4496,102.2789306640625
13.4996,101.16483306884766
13.5495,99.79458618164062
13.5996,99.34651947021484
13.6495,99.08258056640625
13.6996,100.07683563232422
13.7496,101.41998291015625
13.7995,102.54214477539062
13.8495,102.34857940673828
13.8996,101.34716033935547
13.9496,100.63131713867188
13.9996,99.82904052734375
14.0496,99.55139923095703
14.0997,99.4510269165039
14.1495,99.55033111572266
14.1995,99.88146209716797
14.2496,100.05160522460938
14.2994,100.0542221069336
14.3495,100.3173828125
14.3995,99.83466339111328
14.4497,100.06808471679688
14.4997,99.54166412353516
14.5496,100.3830795288086
14.5995,99.8793716430664
14.6500,100.70789337158203
14.6996,100.30237579345703
14.7495,100.87823486328125
14.7995,100.63204956054688
14.8495,101.37674713134766
14.8995,100.70336151123047
14.9495,100.77642822265625
14.9994,100.04517364501953
15.0495,99.90557098388672
15.0996,99.68492889404297
15.1496,99.9637680053711
15.1996,100.36178588867188
15.2496,100.34146881103516
15.2994,100.4361343383789
15.3495,100.84652709960938
15.3995,101.3092041015625
15.4496,101.08538818359375
15.4995,100.0107192993164
15.5495,99.36278533935547
15.5996,99.5045166015625
15.6496,99.86627960205078
15.6996,99.99575805664062
15.7496,99.13998413085938
15.7996,98.94344329833984
15.8495,98.39993286132812
15.8997,98.57254028320312
15.9495,99.10274505615234
15.9994,99.67425537109375
16.0497,100.04638671875
16.0995,99.63915252685547
16.1496,98.6709976196289
16.1995,98.31681060791016
16.2495,98.35660552978516
16.2993,98.2747802734375
16.3496,97.9091567993164
16.3996,97.80939483642578
16.4495,98.50247955322266
16.4996,99.0567855834961
16.5496,99.46610260009766
16.5996,99.77554321289062
16.6496,99.99146270751953
16.6995,99.42871856689453
16.7498,98.71456146240234
16.7997,97.70596313476562
16.8496,98.39993286132812
16.8995,98.6424560546875
16.9498,100.42281341552734
16.9994,99.68633270263672
17.0496,99.84903717041016
17.0995,98.6935043334961
17.1497,98.78673553466797
17.1994,98.4289321899414
17.2498,99.05113983154297
17.2994,99.40204620361328
17.3496,100.0091323852539
17.3996,98.99459838867188
17.4499,98.95967864990234
17.4996,98.96378326416016
17.5497,99.55252838134766
17.5994,99.52184295654297
17.6499,99.30834197998047
17.6998,99.47779083251953
17.7502,99.74273681640625
17.7997,99.247314453125
17.8499,99.18768310546875
17.8996,98.07052612304688
17.9496,98.26458740234375
17.9995,98.82930755615234
18.0496,100.05738067626953
18.0996,100.4755630493164
18.1495,99.86715698242188
18.1996,99.07891082763672
18.2495,98.55731964111328
18.2996,95.2454605102539
18.3496,97.98676300048828
18.4002,99.02581024169922
18.4496,96.5003662109375
18.4995,90.244384765625
18.5497,81.19567108154297
18.5994,90.6572494506836
18.6496,99.6136703491211
18.6997,109.1009292602539
18.7496,101.2259521484375
18.7994,94.8424301147461
18.8496,93.12310791015625
18.8995,95.8537368774414
18.9496,92.50170135498047
18.9994,87.85397338867188
19.0496,84.88565826416016
19.0996,83.06653594970703
19.1496,83.91412353515625
19.1995,68.54016876220703
19.2497,73.50199127197266
19.2996,73.30104064941406
19.3496,89.84991455078125
19.3994,88.4964599609375
19.4495,88.36002349853516
19.4995,88.72311401367188
19.5495,88.10576629638672
19.5996,89.47554779052734
19.6495,88.90160369873047
19.6996,88.94776153564453
19.7495,87.33496856689453
19.7996,87.49927520751953
19.8495,87.87356567382812
19.8996,93.11663818359375
19.9495,91.09273529052734
20.0000,93.54651641845703
20.0495,91.92932891845703
20.0995,93.1327896118164
20.1495,90.0550765991211
20.1996,84.22540283203125
20.2495,80.21358489990234
20.2994,80.59033966064453
20.3495,84.2896499633789
20.3996,82.3685073852539
20.4495,83.28860473632812
20.4996,80.61605834960938
20.5495,83.18376922607422
20.5996,80.01004028320312
20.6497,81.4595947265625
20.6996,86.36358642578125
20.7496,91.7872543334961
20.7994,93.81916046142578
20.8498,94.00659942626953
20.8996,94.53514862060547
20.9496,96.9976577758789
20.9994,97.10172271728516
21.0496,95.56576538085938
21.0996,97.90392303466797
21.1495,102.1917495727539
21.1994,105.89974212646484
21.2495,99.8498764038086
21.2994,93.92835235595703
21.3496,89.84835052490234
21.3996,93.63134765625
21.4497,96.98776245117188
21.4994,94.80054473876953
21.5495,94.24112701416016
21.5995,97.48443603515625
21.6495,102.27984619140625
21.6995,99.3572769165039
21.7497,102.1662368774414
21.7999,107.18289184570312
21.8495,108.60333251953125
21.8996,112.19866943359375
21.9495,114.25057983398438
21.9994,124.99822235107422
22.0496,116.0978012084961
22.0995,117.1763916015625
22.1496,115.30480194091797
22.1996,125.70440673828125
22.2496,123.54834747314453
22.2994,128.1084747314453
22.3495,130.88348388671875
22.3994,105.28948974609375
22.4496,106.64541625976562
22.4996,96.21871185302734
22.5497,112.83541870117188
22.5998,106.75546264648438
22.6497,109.76889038085938
22.6996,117.59326934814453
22.7498,114.52547454833984
22.7995,114.52971649169922
22.8495,108.3046875
22.8995,105.91951751708984
22.9496,103.16545867919922
22.9994,109.97406005859375
23.0495,112.82974243164062
23.0995,92.62442016601562
23.1496,81.22840118408203
23.1994,85.12627410888672
23.2496,108.87481689453125
23.2994,122.4432144165039
23.3496,120.84319305419922
23.3995,121.82474517822266
23.4495,119.0648193359375
23.4996,119.3321762084961
23.5495,117.99040985107422
23.5995,119.07343292236328
23.6496,119.38446807861328
23.6995,121.07659912109375
23.7496,118.22664642333984
23.7994,119.723876953125
23.8496,120.18904876708984
23.8996,124.01361083984375
23.9496,121.11853790283203
23.9995,120.53643798828125
24.0495,117.6213607788086
24.0996,120.3362045288086
24.1496,116.9280014038086
24.1996,113.31024932861328
24.2496,104.80168914794922
24.2994,101.3304672241211
24.3496,101.05181121826172
24.3996,90.40445709228516
24.4495,95.0364761352539
24.4997,109.925537109375
24.5496,122.42257690429688
24.5996,97.69955444335938
24.6496,137.60519409179688
24.6998,165.59010314941406
24.7496,200.0601043701172
24.7996,160.69091796875
24.8496,140.42835998535156
24.8996,145.1647491455078
24.9496,141.83023071289062
24.9996,151.53561401367188
25.0495,151.1499786376953
25.0994,156.96450805664062
25.1495,157.26625061035156
25.1996,156.9202423095703
25.2496,157.4025421142578
25.2994,157.6420440673828
25.3496,157.50169372558594
25.3996,157.59571838378906
25.4496,157.5557403564453
25.4994,157.6202392578125
25.5497,157.5396270751953
25.5995,157.67506408691406
25.6496,158.0800323486328
25.6995,158.2725067138672
25.7500,158.31019592285156
25.7995,157.7728729248047
25.8497,157.7451934814453
25.8995,157.6735076904297
25.9495,158.2705078125
25.9996,158.47193908691406
26.0496,158.62803649902344
26.0996,158.4013671875
26.1497,158.0073699951172
26.1996,157.5915985107422
26.2495,157.21839904785156
26.2996,157.051513671875
26.3496,157.3260040283203
26.3996,157.56544494628906
26.4496,157.9671630859375
26.4995,157.86895751953125
26.5495,157.89736938476562
26.5996,157.76463317871094
26.6497,158.09507751464844
26.6996,158.44496154785156
26.7497,158.72021484375
26.7995,158.58648681640625
26.8499,158.346435546875
26.8995,158.1383819580078
26.9496,158.12535095214844
26.9994,158.39854431152344
27.0496,158.62074279785156
27.0995,158.696533203125
27.1496,158.33160400390625
27.1996,158.1531982421875
27.2496,157.97882080078125
27.2995,158.0193634033203
27.3496,157.8615264892578
27.3995,157.8596954345703
27.4496,157.92547607421875
27.4995,158.08900451660156
27.5496,158.15525817871094
27.5996,157.9139862060547
27.6496,158.0561065673828
27.6996,158.2835693359375
27.7496,158.5669708251953
27.7994,158.3256072998047
27.8498,158.0666046142578
27.8995,157.96719360351562
27.9497,158.08192443847656
27.9995,158.2532501220703
28.0496,158.19395446777344
28.0996,158.2179718017578
28.1496,158.07798767089844
28.1994,158.09173583984375
28.2496,158.21568298339844
28.2995,158.5697784423828
28.3495,158.4156494140625
28.3996,158.1985321044922
28.4497,157.9534912109375
28.4995,158.27296447753906
28.5497,158.4625244140625
28.5996,158.47930908203125
28.6495,158.35467529296875
28.6995,158.438232421875
28.7497,158.2965850830078
28.7995,158.46856689453125
28.8495,158.40333557128906
28.8995,158.4468231201172
28.9497,158.4400634765625
28.9996,158.4534454345703
29.0495,158.5301971435547
29.0996,158.4127197265625
29.1496,158.2450714111328
29.1996,158.31971740722656
29.2496,158.3319549560547
29.2994,158.39404296875
29.3496,158.27728271484375
29.3995,158.548583984375
29.4496,158.4777069091797
29.4994,158.75938415527344
29.5496,158.6305694580078
29.5996,158.88023376464844
29.6495,158.72129821777344
29.6995,158.4615478515625
29.7496,158.45567321777344
29.7997,158.58045959472656
29.8496,158.80084228515625
29.8995,158.94683837890625
29.9495,158.8815460205078
29.9995,158.97142028808594
30.0496,158.62318420410156
30.0995,158.48670959472656
30.1495,158.57386779785156
30.1996,158.6292724609375
30.2495,158.8372344970703
30.2995,158.5343475341797
30.3498,158.6758270263672
30.3996,158.53990173339844
30.4496,158.6771697998047
30.4996,158.76487731933594
30.5495,158.51548767089844
30.5995,158.69337463378906
30.6496,158.39404296875
30.6995,158.53790283203125
30.7496,158.56671142578125
30.7993,158.97962951660156
30.8495,159.15977478027344
30.8995,158.6857452392578
30.9495,158.2905731201172
30.9996,158.4079132080078
31.0495,158.8579864501953
31.0994,158.93812561035156
31.1496,158.7667999267578
31.1995,158.4383544921875
31.2495,158.54685974121094
31.2994,158.6363983154297
31.3497,158.8899688720703
31.3995,158.8775177001953
31.4496,158.93272399902344
31.4995,158.93336486816406
31.5496,158.7563934326172
31.5996,158.7117462158203
31.6496,158.4916534423828
31.6995,158.948486328125
31.7497,158.84120178222656
31.7995,158.97674560546875
31.8496,158.7117462158203
31.8996,158.84573364257812
31.9495,158.9264678955078
31.9994,158.94198608398438
32.0496,158.6885528564453
32.0995,158.52586364746094
32.1496,158.6695098876953
32.1996,158.64927673339844
32.2495,158.80625915527344
32.2994,158.74598693847656
32.3495,158.9852294921875
32.3995,159.01902770996094
32.4497,158.9951171875
32.4996,158.9420623779297
32.5496,158.92919921875
32.5996,158.98834228515625
32.6499,159.1958770751953
32.6995,159.40122985839844
32.7497,159.30479431152344
32.7995,159.1535186767578
32.8496,158.7709197998047
32.8996,158.8589630126953
32.9497,158.76344299316406
32.9996,158.9165496826172
33.0495,158.83914184570312
33.0995,159.1636199951172
33.1496,159.27296447753906
33.1995,159.1964569091797
33.2496,158.85044860839844
33.2994,158.701171875
33.3496,158.6851043701172
33.3996,158.7056884765625
33.4495,158.79408264160156
33.4994,158.91587829589844
33.5495,158.92652893066406
33.5995,159.025390625
33.6495,159.15660095214844
33.6996,159.37136840820312
33.7498,159.2089080810547
33.7996,159.05824279785156
33.8496,158.8847198486328
33.8995,158.82086181640625
33.9496,158.79029846191406
33.9998,159.4965057373047
34.0499,160.07984924316406
34.0998,160.50643920898438
34.1496,159.80516052246094
34.1998,159.57899475097656
34.2498,159.5054168701172
34.2995,160.0272979736328
34.3497,160.04664611816406
34.3996,159.9714813232422
34.4498,159.8119354248047
34.4999,159.9331817626953
34.5501,159.94467163085938
34.5996,159.82012939453125
34.6497,159.47903442382812
34.6995,159.3550567626953
34.7496,159.15538024902344
34.7994,159.11181640625
34.8496,159.0273895263672
34.8995,158.9366912841797
34.9495,158.9346160888672
34.9995,158.865478515625
35.0496,158.95291137695312
35.0995,159.2830047607422
35.1499,159.3052215576172
35.1995,159.46746826171875
35.2496,159.0395965576172
35.2995,159.16526794433594
35.3495,158.90785217285156
35.3995,159.2517852783203
35.4495,159.1676483154297
35.4995,159.33203125
35.5496,158.80023193359375
35.5995,158.97357177734375
35.6496,159.07057189941406
35.6995,159.33242797851562
35.7495,158.9206085205078
35.7995,158.8318634033203
35.8495,158.91995239257812
35.8995,159.297119140625
35.9496,159.205810546875
35.9996,159.29762268066406
36.0495,159.0717315673828
36.0995,159.23866271972656
36.1500,159.01905822753906
36.1996,159.24497985839844
36.2497,159.07374572753906
36.2995,159.32582092285156
36.3495,159.02587890625
36.3995,159.11769104003906
36.4496,158.8450469970703
36.4995,158.99899291992188
36.5496,159.04969787597656
36.5996,159.359130859375
36.6495,159.2352294921875
36.6996,159.2760009765625
36.7496,159.00486755371094
36.7996,159.16900634765625
36.8496,159.30381774902344
36.8996,159.39105224609375
36.9495,159.49713134765625
36.9997,159.34866333007812
37.0497,159.22088623046875
37.0995,159.10609436035156
37.1495,159.0256805419922
37.1996,159.0405731201172
37.2495,159.1472625732422
37.2994,159.39976501464844
37.3495,159.50880432128906
37.3995,159.48284912109375
37.4497,159.19287109375
37.4996,159.1602325439453
37.5496,159.1894989013672
37.5994,159.2628173828125
37.6495,159.21759033203125
37.6996,159.3411102294922
37.7495,159.30780029296875
37.7995,159.3546142578125
37.8495,159.4751739501953
37.8996,159.44378662109375
37.9496,159.39112854003906
37.9995,159.2501983642578
38.0495,159.25657653808594
38.0995,159.53404235839844
38.1496,159.5701446533203
38.1996,159.66819763183594
38.2496,159.48492431640625
38.2994,159.43093872070312
38.3496,159.1680450439453
38.3995,159.3051300048828
38.4497,158.91787719726562
38.4995,159.1835174560547
38.5496,158.96717834472656
38.5996,159.3507537841797
38.6500,159.559326171875
38.6996,159.7189178466797
38.7497,159.5548858642578
38.7996,159.3883514404297
38.8495,159.21636962890625
38.8996,159.28419494628906
38.9495,159.1812286376953
38.9996,159.4178466796875
39.0497,159.50006103515625
39.0996,159.50257873535156
39.1496,159.3548583984375
39.1996,159.1450958251953
39.2496,159.09043884277344
39.2995,159.2697296142578
39.3496,159.39031982421875
39.3996,159.57310485839844
39.4496,159.47943115234375
39.4996,159.352783203125
39.5496,159.16017150878906
39.5996,159.09666442871094
39.6495,159.06924438476562
39.6995,159.2810516357422
39.7496,159.40435791015625
39.7996,159.6016387939453
39.8497,159.5363311767578
39.8995,159.4817657470703
39.9496,159.54437255859375
39.9997,159.4998321533203
40.0496,159.66075134277344
40.0996,159.5003204345703
40.1495,159.54563903808594
40.1996,159.37269592285156
40.2496,159.36268615722656
40.2995,159.34275817871094
40.3496,159.2337188720703
40.3995,159.38926696777344
40.4496,159.4266357421875
40.4995,159.414306640625
40.5496,159.2243194580078
40.5995,159.29779052734375
40.6496,159.36997985839844
40.6995,159.51536560058594
40.7496,159.3065185546875
40.7996,159.17478942871094
40.8496,159.2019500732422
40.8996,159.34054565429688
40.9496,159.36183166503906
40.9995,159.36024475097656
41.0496,158.9920654296875
41.0996,159.24229431152344
41.1496,158.9800262451172
41.1996,159.3518524169922
41.2495,159.30897521972656
41.2995,159.4880828857422
41.3495,159.38282775878906
41.3998,159.2550048828125
41.4496,159.0771026611328
41.4997,159.1653289794922
41.5495,159.3968505859375
41.5995,159.88363647460938
41.6496,159.8131561279297
41.6996,159.7595672607422
41.7497,159.4631805419922
41.7996,159.5043182373047
41.8496,159.41432189941406
41.8996,159.4488067626953
41.9496,159.3655548095703
41.9995,159.54208374023438
42.0496,159.50401306152344
42.0996,159.82679748535156
42.1506,159.84793090820312
42.2001,160.4002227783203
42.2501,160.55999755859375
42.2997,160.672119140625
42.3497,160.5007781982422
42.3996,160.81654357910156
42.4497,160.91986083984375
42.5001,160.8420867919922
42.5502,160.5779571533203
42.6001,160.6363067626953
42.6499,160.6022186279297
42.6995,160.44891357421875
42.7500,160.5310516357422
42.8014,160.9075927734375
42.8501,160.9453582763672
42.9001,161.05665588378906
42.9498,160.75489807128906
43.0000,160.94825744628906
43.0504,160.75030517578125
43.1001,161.0470733642578
43.1500,161.03672790527344
43.2034,161.06947326660156
43.2501,160.84713745117188
43.2995,160.32171630859375
43.3496,159.92471313476562
43.3995,159.7089385986328
43.4498,159.80368041992188
43.4995,159.7466278076172
43.5519,159.4418487548828
43.5997,159.48301696777344
43.6497,159.45021057128906
43.6995,159.49232482910156
43.7496,159.4470977783203
43.7996,159.47537231445312
43.8497,159.56053161621094
43.9001,159.52650451660156
43.9498,159.45216369628906
43.9995,159.6777801513672
44.0495,159.69784545898438
44.0995,159.74942016601562
44.1496,159.2564239501953
44.1995,159.17266845703125
44.2496,159.2908477783203
44.2996,159.40541076660156
44.3495,159.32952880859375
44.3995,159.1189422607422
44.4495,159.3346405029297
44.4996,159.50440979003906
44.5496,159.41921997070312
44.5995,159.26019287109375
44.6495,159.3444366455078
44.6995,159.5328369140625
44.7496,159.6297607421875
44.7995,159.52635192871094
44.8496,159.36595153808594
44.8994,159.22853088378906
44.9495,159.0602264404297
44.9994,159.21359252929688
45.0496,159.3498077392578
45.0997,159.4512939453125
45.1496,159.18560791015625
45.1996,159.0694122314453
45.2495,159.5269775390625
45.2994,159.9139862060547
45.3497,160.13729858398438
45.3996,159.7328338623047
45.4496,159.5077362060547
45.4994,159.4119873046875
45.5495,159.5971221923828
45.5995,160.11143493652344
45.6495,160.2669219970703
45.6995,160.1827850341797
45.7496,159.6710205078125
45.7995,161.07545471191406
45.8496,160.09088134765625
45.8995,150.7892608642578
45.9495,143.156982421875
45.9996,132.3191680908203
46.0495,128.4716796875
46.0996,125.23055267333984
46.1495,127.8133316040039
46.1996,127.17581939697266
46.2496,109.02472686767578
46.2994,95.9618148803711
46.3495,56.86592483520508
46.3996,67.17871856689453
46.4496,153.57456970214844
46.4995,220.48109436035156
46.5496,216.01783752441406
46.5994,199.3206024169922
46.6495,165.8960723876953
46.6996,158.13943481445312
46.7496,98.67450714111328
46.7994,97.5740737915039
46.8496,103.9385757446289
46.8995,93.8118667602539
46.9496,93.1627197265625
46.9997,95.7111587524414
47.0496,98.3829574584961
47.0996,98.51317596435547
47.1495,95.78852081298828
47.1996,96.747314453125
47.2494,96.31124877929688
47.2996,97.34171295166016
47.3496,91.22369384765625
47.3995,92.60894775390625
47.4498,97.55809783935547
47.5002,99.00505828857422
47.5500,96.70587158203125
47.5999,90.95450592041016
47.6500,96.79248046875
47.6999,98.01077270507812
47.7499,99.22280883789062
47.8000,94.1423568725586
47.8523,90.18814849853516
47.8996,88.3582763671875
47.9497,86.55252075195312
47.9996,110.96793365478516
48.0497,109.8551025390625
48.1023,113.44014739990234
48.1502,97.03002166748047
48.1995,99.20419311523438
48.2496,97.34688568115234
48.2994,95.12359619140625
48.3496,95.9784164428711
48.3995,98.40010833740234
48.4501,97.14665985107422
48.4996,98.81985473632812
48.5496,100.7070541381836
48.5994,103.14057159423828
48.6497,105.2771224975586
48.6996,103.26034545898438
48.7495,99.9638900756836
48.7997,99.49471282958984
48.8496,101.3523178100586
48.8996,98.4331283569336
48.9496,95.81951904296875
48.9995,94.938720703125
49.0496,100.35369873046875
49.0995,100.49066162109375
49.1495,98.67798614501953
49.1996,98.46829223632812
49.2496,98.66143798828125
49.2995,98.89661407470703
49.3498,97.67769622802734
49.3996,96.3586654663086
49.4496,95.79259490966797
49.4996,94.78199005126953
49.5495,95.2930908203125
49.5995,96.14888763427734
49.6496,93.4979248046875
49.6995,95.2790756225586
49.7498,91.33951568603516
49.7997,94.4395980834961
49.8497,92.6544189453125
49.8997,94.37332916259766
49.9496,100.13594818115234
49.9996,102.0528793334961
50.0504,103.6023941040039
50.0995,92.33306884765625
50.1496,92.79446411132812
50.1996,134.0635223388672
50.2498,140.0511016845703
50.2994,135.18711853027344
50.3497,92.78082275390625
50.4000,89.90509033203125
50.4498,88.65582275390625
50.4995,87.25149536132812
50.5496,82.27901458740234
50.6001,81.55865478515625
50.6497,76.02742767333984
50.6996,77.23595428466797
50.7496,77.3716812133789
50.7996,85.06722259521484
50.8496,84.1624984741211
50.8995,83.22969055175781
50.9497,75.3215560913086
50.9995,71.0322265625
51.0497,71.21759796142578
51.0997,70.9068374633789
51.1496,76.80750274658203
51.1996,68.78137969970703
51.2496,63.67335891723633
51.2996,70.17115020751953
51.3496,67.75492095947266
51.3996,77.6330337524414
51.4496,89.21202850341797
51.4994,100.9371109008789
51.5498,88.28234100341797
51.5997,85.49606323242188
51.6496,86.10582733154297
51.6996,83.5045394897461
51.7497,76.24427032470703
51.7997,94.98551177978516
51.8494,106.88272857666016
51.8997,123.04814910888672
51.9495,186.05848693847656
52.0001,200.47723388671875
52.0495,193.1051483154297
52.0996,144.3184051513672
52.1495,152.4384765625
52.1995,141.09730529785156
52.2496,87.2018814086914
52.2995,89.32625579833984
52.3496,93.60436248779297
52.4001,113.84770965576172
52.4496,105.29193878173828
52.5002,107.88497161865234
52.5496,132.3052215576172
52.5995,111.5540771484375
52.6497,94.05998992919922
52.6996,66.16583251953125
52.7498,74.49654388427734
52.7996,87.3195571899414
52.8502,179.18896484375
52.8996,168.2855682373047
52.9496,165.4899139404297
53.0002,74.48900604248047
53.0496,90.7780990600586
53.1002,90.57107543945312
53.1497,100.29241943359375
53.1998,107.0073013305664
53.2496,105.154296875
53.2997,106.69305419921875
53.3497,95.65547943115234
53.3996,92.52014923095703
53.4496,90.10465240478516
53.4995,97.743896484375
53.5495,103.91778564453125
53.6001,103.19281768798828
53.6496,96.44530487060547
53.6996,97.96485137939453
53.7496,100.10164642333984
53.7995,114.24500274658203
53.8496,112.68054962158203
53.8997,112.34708404541016
53.9496,101.7794418334961
53.9996,104.12189483642578
54.0496,104.3489761352539
54.0995,103.72299194335938
54.1497,91.073486328125
54.1995,100.66864013671875
54.2502,97.9866714477539
54.2997,113.34004974365234
54.3498,106.95867156982422
54.4003,115.81928253173828
54.4497,118.27275848388672
54.4995,112.4333724975586
54.5496,114.92076873779297
54.5995,105.4824447631836
54.6496,101.09063720703125
54.6996,89.17670440673828
54.7496,72.83443450927734
54.7995,73.01871490478516
54.8496,71.5015640258789
54.8995,90.24201202392578
54.9496,100.96432495117188
54.9996,115.89871978759766
55.0496,124.98596954345703
55.0995,164.59458923339844
55.1496,165.7317352294922
55.1995,174.23760986328125
55.2497,145.1531219482422
55.2994,145.25953674316406
55.3496,146.8631591796875
55.4003,148.89678955078125
55.4496,151.5092315673828
55.5002,144.9619598388672
55.5497,137.6743621826172
55.5997,137.016845703125
55.6497,137.7164764404297
55.6997,141.8444366455078
55.7496,142.3584747314453
55.7996,140.47056579589844
55.8496,140.67787170410156
55.8997,140.29107666015625
55.9497,142.0088653564453
56.0000,136.6070098876953
56.0496,139.22605895996094
56.1002,140.6985626220703
56.1497,142.12791442871094
56.1996,135.79505920410156
56.2496,138.0427703857422
56.2995,144.2080841064453
56.3496,147.55104064941406
56.3997,159.3892364501953
56.4497,156.0874481201172
56.4997,153.55564880371094
56.5497,133.24598693847656
56.5996,135.607421875
56.6496,130.3282012939453
56.6996,141.91236877441406
56.7496,135.66114807128906
56.7999,145.09266662597656
56.8496,132.5952606201172
56.8997,139.1658172607422
56.9497,143.5871124267578
56.9995,154.2386932373047
57.0497,154.3811492919922
57.0995,150.1881103515625
57.1501,152.8323211669922
57.2001,152.02679443359375
57.2496,150.3783721923828
57.2994,149.3868865966797
57.3497,148.40248107910156
57.3997,153.6014404296875
57.4496,151.12986755371094
57.4997,141.52984619140625
57.5496,140.8216552734375
57.5996,132.64695739746094
57.6496,138.89088439941406
57.6995,142.52679443359375
57.7496,150.42649841308594
57.7996,128.74147033691406
57.8497,111.62056732177734
57.8997,102.86653900146484
57.9502,126.2837142944336
57.9998,124.98468780517578
58.0496,131.6907501220703
58.0995,128.7755126953125
58.1496,129.9404754638672
58.1996,124.83453369140625
58.2496,126.4208755493164
58.2995,128.34324645996094
58.3496,118.92455291748047
58.3997,107.72601318359375
58.4497,114.01802825927734
58.4997,128.39466857910156
58.5495,142.4156951904297
58.5996,139.05848693847656
58.6501,142.41050720214844
58.6996,155.2608642578125
58.7504,172.985595703125
58.7994,177.8356475830078
58.8496,132.65382385253906
58.8997,135.92808532714844
58.9502,141.760498046875
58.9996,196.3577117919922
59.0495,200.18115234375
59.1001,251.7028045654297
59.1503,227.8027801513672
59.1995,197.4849090576172
59.2496,117.1155776977539
59.2995,101.76380157470703
59.3495,107.29120635986328
59.3995,117.79559326171875
59.4499,129.4658203125
59.4995,133.84397888183594
59.5496,134.945556640625
59.5996,138.9459228515625
59.6496,141.841552734375
59.6996,139.1720428466797
59.7496,132.1446990966797
59.7996,123.07345581054688
59.8496,121.16796112060547
59.8997,117.159423828125
59.9496,113.54827117919922
59.9994,100.6270980834961
60.0496,103.85601806640625
60.0997,101.79500579833984
60.1496,111.31058502197266
60.1996,111.28199005126953
60.2496,110.8675537109375
60.2995,108.53500366210938
60.3496,104.41222381591797
60.3996,104.3557357788086
60.4497,105.02828216552734
60.4996,107.09452056884766
60.5497,108.27676391601562
60.5996,108.51277923583984
60.6501,108.05428314208984
60.6996,110.96012115478516
60.7496,111.5176010131836
60.7995,112.78836822509766
60.8496,106.30269622802734
60.8996,104.78460693359375
60.9496,103.69596099853516
60.9996,103.49725341796875
61.0496,103.14171600341797
61.0996,99.33563232421875
61.1496,96.82701873779297
61.1995,91.21419525146484
61.2496,92.9934310913086
61.2994,88.9342041015625
61.3496,90.1027603149414
61.3996,83.77147674560547
61.4497,86.668212890625
61.4995,79.87140655517578
61.5496,73.7891616821289
61.5996,72.30575561523438
61.6496,76.79070281982422
61.6995,86.6744613647461
61.7497,92.12997436523438
61.7996,90.2471923828125
61.8495,81.05973052978516
61.8996,73.29903411865234
61.9496,72.17646026611328
61.9994,91.0028076171875
62.0496,79.5199203491211
62.0995,80.05321502685547
62.1495,66.38555145263672
62.1996,84.07317352294922
62.2496,83.1838150024414
62.2996,68.47359466552734
62.3496,41.96335983276367
62.4002,33.85429763793945
62.4496,117.5081787109375
62.4995,146.0145721435547
62.5496,155.3970947265625
62.5996,96.68890380859375
62.6498,169.53172302246094
62.6998,180.5895233154297
62.7496,169.50697326660156
62.7995,85.47638702392578
62.8495,77.64374542236328
62.8996,165.41453552246094
62.9502,182.984619140625
62.9994,188.6297607421875
63.0495,94.4952621459961
63.0996,85.19071197509766
63.1501,82.8340072631836
63.1996,82.4846420288086
63.2495,78.28247833251953
63.2995,77.51321411132812
63.3497,93.86431884765625
63.3996,95.36197662353516
63.4496,96.36209106445312
63.4995,106.02694702148438
63.5495,126.9189224243164
63.5996,105.5582504272461
63.6495,59.044830322265625
63.6996,45.4815673828125
63.7498,74.9574966430664
63.8001,132.43492126464844
63.8496,164.98779296875
63.8997,164.78872680664062
63.9497,157.9054718017578
63.9995,141.4448699951172
64.0496,145.15992736816406
64.0995,117.16552734375
64.1496,117.08187866210938
64.1996,132.5157012939453
64.2495,165.6895751953125
64.2995,158.45448303222656
64.3496,139.3442840576172
64.3996,132.13133239746094
64.4496,142.27774047851562
64.4994,155.6319122314453
64.5502,159.47271728515625
64.6001,166.369384765625
64.6496,162.6399383544922
64.6996,164.8399200439453
64.7495,156.01513671875
64.7995,158.68629455566406
64.8497,156.28091430664062
64.8998,155.74261474609375
64.9496,144.91909790039062
64.9994,176.7886199951172
65.0496,144.52944946289062
65.0994,218.3992156982422
65.1496,171.1864776611328
65.2003,155.4747772216797
65.2496,45.07907485961914
65.2995,43.152652740478516
65.3496,63.71995544433594
65.3996,89.2396240234375
65.4496,78.82269287109375
65.4996,77.3369369506836
65.5496,59.27140426635742
65.5995,54.55886459350586
65.6496,53.497283935546875
65.6996,64.9948501586914
65.7496,53.928802490234375
65.7995,56.726959228515625
65.8497,54.44552993774414
65.8996,63.16389846801758
65.9497,63.23658752441406
65.9997,62.22317886352539
66.0512,66.92005157470703
66.0996,66.44882202148438
66.1496,64.58386993408203
66.1995,61.91413497924805
66.2497,57.64833450317383
66.2995,61.23750686645508
66.3497,60.778804779052734
66.3996,62.83602523803711
66.4497,59.464019775390625
66.4996,56.752777099609375
66.5496,62.15969467163086
66.5996,68.61424255371094
66.6496,72.3174819946289
66.6996,67.20665740966797
66.7497,64.72805786132812
66.7996,65.06221771240234
66.8494,65.15367889404297
66.8995,58.791622161865234
66.9496,65.70323944091797
66.9996,65.29230499267578
67.0496,72.53338623046875
67.0995,64.3292007446289
67.1495,69.00689697265625
67.1995,70.70557403564453
67.2496,79.06924438476562
67.2995,77.83382415771484
67.3498,73.17668914794922
67.3995,70.6352310180664
67.4496,72.46097564697266
67.4995,67.89801788330078
67.5495,66.1807632446289
67.5996,65.0970230102539
67.6502,70.5239486694336
67.6996,76.05724334716797
67.7496,76.06803131103516
67.7995,72.3257064819336
67.8496,61.93403625488281
67.8995,57.68214797973633
67.9496,61.07080078125
67.9995,73.22612762451172
68.0496,66.2825698852539
68.0995,66.84813690185547
68.1498,64.37345123291016
68.1996,92.9027099609375
68.2496,78.56163787841797
68.2995,76.70642852783203
68.3496,65.58611297607422
68.3996,84.47022247314453
68.4497,81.2288589477539
68.4996,73.07585906982422
68.5496,74.0760726928711
68.5995,78.83444213867188
68.6496,83.39539337158203
68.6996,79.02136993408203
68.7496,83.41690826416016
68.8002,77.3323745727539
68.8507,71.45612335205078
68.8997,56.5069694519043
68.9496,118.7928237915039
68.9995,152.4306640625
69.0496,155.08621215820312
69.0995,124.53670501708984
69.1497,122.85355377197266
69.1996,146.31004333496094
69.2495,116.6106948852539
69.2994,113.14398193359375
69.3496,112.82659149169922
69.3995,130.7440948486328
69.4498,124.11614227294922
69.4996,119.3551254272461
69.5496,116.16592407226562
69.5996,116.0331039428711
69.6496,115.40630340576172
69.6999,115.66891479492188
69.7496,115.9329605102539
69.7996,116.49053192138672
69.8496,117.71651458740234
69.8996,117.61691284179688
69.9497,118.10211944580078
69.9996,117.315185546875
70.0496,117.70553588867188
70.0995,118.03353881835938
70.1496,118.23291778564453
70.1996,118.14229583740234
70.2496,118.22063446044922
70.2999,118.20465087890625
70.3500,118.75792694091797
70.3995,118.9626235961914
70.4496,119.1119384765625
70.4996,119.09325408935547
70.5496,119.23898315429688
70.5995,119.39550018310547
70.6495,119.69477081298828
70.6995,119.78179931640625
70.7496,120.0434799194336
70.7996,119.9408950805664
70.8495,120.10124969482422
70.8996,120.24834442138672
70.9500,120.46612548828125
70.9996,120.55255889892578
71.0497,120.68761444091797
71.0996,120.84759521484375
71.1496,120.88973999023438
71.1996,120.73101806640625
71.2497,120.77332305908203
71.2996,120.85858154296875
71.3497,120.99911499023438
71.3994,121.0865707397461
71.4495,121.294921875
71.4995,121.56861114501953
71.5495,121.6987533569336
71.5997,123.08550262451172
71.6496,123.9280014038086
71.6996,124.9233169555664
71.7495,124.34896850585938
71.7996,124.1346206665039
71.8493,123.91158294677734
71.8995,124.01349639892578
71.9495,124.20724487304688
71.9994,124.0717544555664
72.0496,123.77164459228516
72.0995,123.73458099365234
72.1496,124.13616943359375
72.1995,124.2640151977539
72.2496,124.48326873779297
72.2994,124.436279296875
72.3495,124.4290771484375
72.3995,124.32113647460938
72.4496,124.2708511352539
72.4995,124.48089599609375
72.5496,124.77339935302734
72.5996,124.91938018798828
72.6505,124.87884521484375
72.6996,124.91387939453125
72.7496,125.08809661865234
72.7996,125.3891372680664
72.8496,125.16473388671875
72.8995,125.1834945678711
72.9496,125.26126861572266
72.9996,125.51729583740234
73.0496,125.58341217041016
73.0995,125.55158233642578
73.1496,125.19878387451172
73.1995,124.88033294677734
73.2496,125.08402252197266
73.2994,125.64472198486328
73.3495,126.07534790039062
73.3995,126.12542724609375
73.4495,126.12711334228516
73.4994,126.13262939453125
73.5495,126.09882354736328
73.5995,125.93890380859375
73.6495,125.99276733398438
73.6995,125.93819427490234
73.7495,126.10832977294922
73.7995,126.07926177978516
73.8496,126.45491790771484
73.8995,126.67699432373047
73.9496,126.76610565185547
73.9995,126.6105728149414
74.0495,126.53816986083984
74.0994,126.55327606201172
74.1497,126.49793243408203
74.1995,126.3355941772461
74.2495,126.59954071044922
74.2995,126.90547943115234
74.3498,127.09405517578125
74.3995,127.18335723876953
74.4496,127.18618774414062
74.4996,127.04974365234375
74.5495,126.6830825805664
74.5996,126.41568756103516
74.6496,127.5556869506836
74.6996,128.98077392578125
74.7495,129.78440856933594
74.7995,129.2813720703125
74.8495,128.5770721435547
74.8996,128.39776611328125
74.9495,128.3431396484375
74.9994,128.24098205566406
75.0496,128.1553955078125
75.0997,128.310791015625
75.1495,128.47743225097656
75.1996,128.4030303955078
75.2495,128.40147399902344
75.2994,128.59385681152344
75.3495,122.35308837890625
75.3996,121.2834243774414
75.4496,120.0842514038086
75.4996,123.74383544921875
75.5495,145.10679626464844
75.5996,144.18162536621094
75.6495,153.7154541015625
75.6996,119.51010131835938
75.7495,119.3373031616211
75.7995,84.5661392211914
75.8496,96.18582916259766
75.8995,100.15966033935547
75.9496,128.34458923339844
75.9996,115.1432876586914
76.0498,108.83282470703125
76.0995,100.31879425048828
76.1495,182.9329833984375
76.1995,169.53224182128906
76.2495,164.98097229003906
76.2994,129.7563934326172
76.3497,127.7390365600586
76.3995,120.69974517822266
76.4495,147.6516876220703
76.4995,147.98388671875
76.5497,201.2465057373047
76.5996,106.59881591796875
76.6495,106.59044647216797
76.6995,119.53601837158203
76.7496,136.1813507080078
76.7995,142.70684814453125
76.8498,142.33168029785156
76.8994,133.76425170898438
76.9496,143.74563598632812
76.9995,81.66649627685547
77.0497,90.1976089477539
77.0995,82.64517974853516
77.1496,90.61229705810547
77.1994,95.8864517211914
77.2495,93.79744720458984
77.2994,74.72217559814453
77.3495,59.59064865112305
77.3995,60.27634811401367
77.4497,59.529632568359375
77.4994,58.20173645019531
77.5496,42.887508392333984
77.5995,41.26762771606445
77.6495,124.27902221679688
77.6995,134.4412078857422
77.7496,145.1958465576172
77.7994,68.6114273071289
77.8495,135.1442108154297
77.8996,142.1524200439453
77.9496,153.87420654296875
77.9994,84.57059478759766
78.0495,76.4744644165039
78.0994,76.49050903320312
78.1496,85.45191192626953
78.1996,88.28588104248047
78.2495,81.7729263305664
78.2994,85.82454681396484
78.3495,98.26090240478516
78.3996,107.4720458984375
78.4496,95.908203125
78.4995,76.58007049560547
78.5495,70.05177307128906
78.5994,74.21971893310547
78.6496,68.39754486083984
78.6996,66.82434844970703
78.7495,52.85694885253906
78.7995,53.47999572753906
78.8495,48.61391830444336
78.8995,56.00022888183594
78.9496,62.16058349609375
78.9995,68.5960464477539
79.0495,70.58295440673828
79.0995,69.16918182373047
79.1495,65.06218719482422
79.1995,66.24347686767578
79.2496,71.19116973876953
79.2994,73.13468170166016
79.3498,70.8721694946289
79.3996,67.98993682861328
79.4496,66.48894500732422
79.4996,66.12955474853516
79.5496,65.63370513916016
79.5996,60.70347213745117
79.6495,51.75901794433594
79.6995,141.4311981201172
79.7495,184.03076171875
79.7994,176.82435607910156
79.8495,75.07259368896484
79.8995,27.973731994628906
79.9497,40.498687744140625
79.9995,140.7686309814453
80.0495,178.08270263671875
80.0995,206.1981964111328
80.1495,124.19271087646484
80.1994,118.20040893554688
80.2495,122.19683837890625
80.2994,118.29862213134766
80.3496,114.66592407226562
80.3995,95.42101287841797
80.4495,106.0482177734375
80.4996,100.76415252685547
80.5497,106.94835662841797
80.5995,100.35501861572266
80.6496,88.7879409790039
80.6995,96.36470794677734
80.7495,111.91189575195312
80.7994,126.16106414794922
80.8496,126.88707733154297
80.8995,89.35965728759766
80.9496,83.41876220703125
80.9995,83.88799285888672
81.0496,94.51305389404297
81.0995,87.6534652709961
81.1495,67.2973403930664
81.1995,56.7108039855957
81.2496,52.92694091796875
81.2995,47.54054260253906
81.3495,76.35226440429688
81.3995,79.2266845703125
81.4496,87.6706314086914
81.4996,87.49273681640625
81.5495,105.7027816772461
81.5995,97.26160430908203
81.6495,90.16742706298828
81.6997,67.4789047241211
81.7495,80.0857925415039
81.7996,80.619384765625
81.8493,90.24649047851562
81.8995,85.32254791259766
81.9495,88.46844482421875
81.9995,97.1712875366211
82.0496,95.42281341552734
82.0995,92.66316986083984
82.1495,82.41488647460938
82.1995,85.825927734375
82.2496,91.07562255859375
82.2994,95.9604263305664
82.3496,83.27832794189453
82.3995,79.88390350341797
82.4496,79.47037506103516
82.4994,96.75896453857422
82.5495,102.982666015625
82.5995,105.23580169677734
82.6496,109.30221557617188
82.6996,109.983154296875
82.7495,108.41321563720703
82.7994,87.15392303466797
82.8496,143.5016632080078
82.8995,150.71507263183594
82.9496,174.5135040283203
82.9996,118.8694076538086
83.0496,104.62271118164062
83.0995,81.24136352539062
83.1495,78.53820037841797
83.1994,87.65222930908203
83.2496,96.36946868896484
83.2995,96.7479476928711
83.3496,93.15204620361328
83.3995,102.6427230834961
83.4496,101.42715454101562
83.4995,101.62459564208984
83.5496,91.47147369384766
83.5995,88.3238296508789
83.6496,92.91657257080078
83.6996,106.22258758544922
83.7496,111.67972564697266
83.7995,110.50482940673828
83.8497,108.71569061279297
83.8998,171.24098205566406
83.9495,180.51316833496094
83.9994,187.66566467285156
84.0497,133.0848388671875
84.0994,133.7095947265625
84.1495,130.3657684326172
84.1996,191.2082061767578
84.2495,190.35772705078125
84.2994,196.3684844970703
84.3496,130.1356964111328
84.3995,112.39730072021484
84.4495,104.0353012084961
84.4995,116.75250244140625
84.5497,147.5542755126953
84.5995,173.54730224609375
84.6495,173.2275848388672
84.6995,164.6638641357422
84.7495,157.7342987060547
84.7997,160.8548583984375
84.8496,161.12591552734375
84.8996,153.30836486816406
84.9496,154.92262268066406
84.9994,152.9686737060547
85.0496,147.6293182373047
85.0994,143.45347595214844
85.1495,139.5296173095703
85.1996,138.5324249267578
85.2495,135.4014892578125
85.2996,135.99598693847656
85.3496,136.25315856933594
85.3996,138.44874572753906
85.4496,139.3980712890625
85.4995,143.07493591308594
85.5495,143.38490295410156
85.5996,147.6793670654297
85.6495,152.65843200683594
85.6997,158.45323181152344
85.7497,158.1467742919922
85.7996,157.4264678955078
85.8497,137.50807189941406
85.8996,140.5863037109375
85.9497,186.18115234375
85.9995,203.2079620361328
86.0496,201.17601013183594
86.0996,191.4467010498047
86.1495,183.42164611816406
86.1995,227.78240966796875
86.2495,174.8241424560547
86.2996,168.66929626464844
86.3495,88.5805435180664
86.3995,79.02277374267578
86.4495,49.528350830078125
86.4997,52.80727005004883
86.5495,36.88832092285156
86.5995,51.0433349609375
86.6498,55.73362731933594
86.6995,62.52936935424805
86.7495,77.11907958984375
86.7995,84.26342010498047
86.8494,85.36490631103516
86.8995,77.09280395507812
86.9498,67.16519927978516
86.9996,76.5033187866211
87.0495,79.48682403564453
87.0994,90.9624252319336
87.1495,88.73675537109375
87.1994,81.44761657714844
87.2496,79.10228729248047
87.2994,93.95430755615234
87.3496,170.31338500976562
87.3995,168.36483764648438
87.4495,145.37010192871094
87.4995,68.21672821044922
87.5495,54.71781539916992
87.5995,92.1373062133789
87.6495,71.67906951904297
87.6995,95.43374633789062
87.7496,89.32534790039062
87.7994,166.3424530029297
87.8495,184.6568145751953
87.8996,186.0782928466797
87.9496,158.20912170410156
87.9995,151.7086639404297
88.0496,165.863037109375
88.0996,160.31101989746094
88.1495,162.4986572265625
88.1996,143.15574645996094
88.2496,146.63323974609375
88.2993,140.75596618652344
88.3495,152.2609100341797
88.3995,126.9220962524414
88.4496,125.02608489990234
88.4996,111.48748779296875
88.5496,125.1834945678711
88.5994,127.89501953125
88.6495,130.5698699951172
88.6996,134.6702117919922
88.7496,129.3372802734375
88.7994,122.23944091796875
88.8495,174.3141326904297
88.8995,167.74147033691406
88.9496,163.55238342285156
88.9995,99.66474151611328
89.0495,90.79947662353516
89.0994,85.65506744384766
89.1495,81.99822998046875
89.1995,85.59334564208984
89.2495,83.6386489868164
89.2994,83.4640121459961
89.3496,80.25835418701172
89.3995,81.20153045654297
89.4495,81.17697143554688
89.4994,83.64571380615234
89.5495,85.5047836303711
89.5995,85.1223373413086
89.6496,84.77254486083984
89.6996,81.9085922241211
89.7496,88.58181762695312
89.7995,88.21585845947266
89.8495,87.55242919921875
89.8995,74.03292083740234
89.9497,77.924072265625
89.9996,78.20209503173828
90.0496,84.2179946899414
90.0996,80.73876953125
90.1496,81.44955444335938
90.1995,80.89892578125
90.2496,84.8927230834961
90.2995,97.2057113647461
90.3496,98.66793823242188
90.3995,98.6468734741211
90.4496,83.11031341552734
90.4996,83.51266479492188
90.5495,76.27606964111328
90.5995,77.05369567871094
90.6496,75.54855346679688
90.6996,82.55712890625
90.7496,84.28788757324219
90.7996,86.50748443603516
90.8495,70.16322326660156
90.8995,70.56167602539062
90.9495,70.17266845703125
90.9995,61.96159362792969
91.0495,67.5738296508789
91.0995,68.70751953125
91.1495,86.4756851196289
91.1995,82.2970199584961
91.2497,66.1871109008789
91.2994,61.56477737426758
91.3496,64.69676971435547
91.3994,56.430572509765625
91.4497,68.57257080078125
91.4994,64.74374389648438
91.5495,98.6683349609375
91.5995,94.66475677490234
91.6495,95.5244140625
91.6995,84.07601928710938
91.7500,82.7306900024414
91.7995,84.60112762451172
91.8494,82.43888092041016
91.8995,84.0567398071289
91.9496,61.86455154418945
91.9995,48.64103698730469
92.0497,57.752838134765625
92.0996,72.1617660522461
92.1495,85.92520904541016
92.1994,76.39822387695312
92.2497,76.39537048339844
92.2995,76.47330474853516
92.3496,79.28558349609375
92.3995,79.81880950927734
92.4495,78.14311981201172
92.4995,67.1316146850586
92.5495,70.1881332397461
92.5995,69.07593536376953
92.6496,74.87091064453125
92.6996,74.9229736328125
92.7495,77.28729248046875
92.7995,78.41376495361328
92.8495,81.38488006591797
92.8995,80.37212371826172
92.9495,78.0661392211914
92.9995,74.95442962646484
93.0495,68.83234405517578
93.0995,68.4378890991211
93.1495,69.52232360839844
93.1996,78.3817367553711
93.2496,78.81336212158203
93.2994,79.66128540039062
93.3495,78.7974853515625
93.3995,80.74427795410156
93.4495,75.29864501953125
93.4995,74.45126342773438
93.5498,71.60445404052734
93.5995,78.99517059326172
93.6495,77.1819076538086
93.6995,84.55326843261719
93.7496,87.90764617919922
93.7996,98.60965728759766
93.8495,103.8421859741211
93.8995,97.67220306396484
93.9496,102.4315185546875
93.9995,88.04630279541016
94.0495,85.65673065185547
94.0994,72.71210479736328
94.1496,76.59366607666016
94.1996,60.30214309692383
94.2497,148.70697021484375
94.2995,123.41912841796875
94.3496,224.3990020751953
94.3996,224.6820526123047
94.4496,328.2921447753906
94.4996,310.7337951660156
94.5496,295.8241882324219
94.5995,281.8306884765625
94.6495,273.4835510253906
94.6998,246.40675354003906
94.7498,238.8799591064453
94.7994,231.6451873779297
94.8496,234.30165100097656
94.8995,227.22669982910156
94.9497,234.316650390625
94.9994,223.6983642578125
95.0495,217.2433624267578
95.0994,136.2522430419922
95.1496,183.049560546875
95.1995,210.7313232421875
95.2495,325.5704040527344
95.2995,274.4444885253906
95.3495,177.81663513183594
95.3997,78.47598266601562
95.4496,34.4683723449707
95.4994,47.459781646728516
95.5495,45.819095611572266
95.5995,36.93338394165039
95.6496,35.42604446411133
95.6996,33.19932556152344
95.7495,30.483322143554688
95.7996,37.524375915527344
95.8495,34.779170989990234
95.8994,39.07573318481445
95.9495,31.37159538269043
95.9994,26.78568458557129
96.0497,30.587646484375
